graph_nr,metric_name,_metric_value,save_name,node
0.0,density,0.3510204081632653,sequential_ollama/qwen3.5:27b_w_interests,
0.0,avg_clustering_coef,0.835788023660281,sequential_ollama/qwen3.5:27b_w_interests,
0.0,prop_nodes_lcc,1.0,sequential_ollama/qwen3.5:27b_w_interests,
0.0,radius,0.7668666559059943,sequential_ollama/qwen3.5:27b_w_interests,
0.0,diameter,1.0224888745413259,sequential_ollama/qwen3.5:27b_w_interests,
0.0,avg_shortest_path,0.5715504137487126,sequential_ollama/qwen3.5:27b_w_interests,
0.0,modularity,0.4953272038939967,sequential_ollama/qwen3.5:27b_w_interests,
1.0,density,0.3616326530612245,sequential_ollama/qwen3.5:27b_w_interests,
1.0,avg_clustering_coef,0.8800106170597622,sequential_ollama/qwen3.5:27b_w_interests,
1.0,prop_nodes_lcc,1.0,sequential_ollama/qwen3.5:27b_w_interests,
1.0,radius,0.7668666559059943,sequential_ollama/qwen3.5:27b_w_interests,
1.0,diameter,1.2781110931766573,sequential_ollama/qwen3.5:27b_w_interests,
1.0,avg_shortest_path,0.5671683185721068,sequential_ollama/qwen3.5:27b_w_interests,
1.0,modularity,0.5036739040708487,sequential_ollama/qwen3.5:27b_w_interests,
2.0,density,0.356734693877551,sequential_ollama/qwen3.5:27b_w_interests,
2.0,avg_clustering_coef,0.8576283557231867,sequential_ollama/qwen3.5:27b_w_interests,
2.0,prop_nodes_lcc,1.0,sequential_ollama/qwen3.5:27b_w_interests,
2.0,radius,0.5112444372706629,sequential_ollama/qwen3.5:27b_w_interests,
2.0,diameter,1.0224888745413259,sequential_ollama/qwen3.5:27b_w_interests,
2.0,avg_shortest_path,0.5621602097988433,sequential_ollama/qwen3.5:27b_w_interests,
2.0,modularity,0.497842581780289,sequential_ollama/qwen3.5:27b_w_interests,
0.0,degree_centrality,0.42857142857142855,sequential_ollama/qwen3.5:27b_w_interests,28
0.0,degree_centrality,0.44897959183673464,sequential_ollama/qwen3.5:27b_w_interests,10
0.0,degree_centrality,0.42857142857142855,sequential_ollama/qwen3.5:27b_w_interests,5
0.0,degree_centrality,0.4081632653061224,sequential_ollama/qwen3.5:27b_w_interests,34
0.0,degree_centrality,0.44897959183673464,sequential_ollama/qwen3.5:27b_w_interests,13
0.0,degree_centrality,0.36734693877551017,sequential_ollama/qwen3.5:27b_w_interests,4
0.0,degree_centrality,0.4081632653061224,sequential_ollama/qwen3.5:27b_w_interests,46
0.0,degree_centrality,0.42857142857142855,sequential_ollama/qwen3.5:27b_w_interests,31
0.0,degree_centrality,0.26530612244897955,sequential_ollama/qwen3.5:27b_w_interests,29
0.0,degree_centrality,0.42857142857142855,sequential_ollama/qwen3.5:27b_w_interests,22
0.0,degree_centrality,0.3877551020408163,sequential_ollama/qwen3.5:27b_w_interests,32
0.0,degree_centrality,0.3877551020408163,sequential_ollama/qwen3.5:27b_w_interests,42
0.0,degree_centrality,0.44897959183673464,sequential_ollama/qwen3.5:27b_w_interests,38
0.0,degree_centrality,0.3877551020408163,sequential_ollama/qwen3.5:27b_w_interests,15
0.0,degree_centrality,0.42857142857142855,sequential_ollama/qwen3.5:27b_w_interests,8
0.0,degree_centrality,0.44897959183673464,sequential_ollama/qwen3.5:27b_w_interests,11
0.0,degree_centrality,0.42857142857142855,sequential_ollama/qwen3.5:27b_w_interests,7
0.0,degree_centrality,0.3469387755102041,sequential_ollama/qwen3.5:27b_w_interests,37
0.0,degree_centrality,0.44897959183673464,sequential_ollama/qwen3.5:27b_w_interests,44
0.0,degree_centrality,0.26530612244897955,sequential_ollama/qwen3.5:27b_w_interests,27
0.0,degree_centrality,0.3877551020408163,sequential_ollama/qwen3.5:27b_w_interests,49
0.0,degree_centrality,0.22448979591836732,sequential_ollama/qwen3.5:27b_w_interests,20
0.0,degree_centrality,0.32653061224489793,sequential_ollama/qwen3.5:27b_w_interests,26
0.0,degree_centrality,0.12244897959183673,sequential_ollama/qwen3.5:27b_w_interests,0
0.0,degree_centrality,0.44897959183673464,sequential_ollama/qwen3.5:27b_w_interests,41
0.0,degree_centrality,0.3061224489795918,sequential_ollama/qwen3.5:27b_w_interests,16
0.0,degree_centrality,0.32653061224489793,sequential_ollama/qwen3.5:27b_w_interests,24
0.0,degree_centrality,0.3061224489795918,sequential_ollama/qwen3.5:27b_w_interests,1
0.0,degree_centrality,0.4081632653061224,sequential_ollama/qwen3.5:27b_w_interests,9
0.0,degree_centrality,0.24489795918367346,sequential_ollama/qwen3.5:27b_w_interests,40
0.0,degree_centrality,0.36734693877551017,sequential_ollama/qwen3.5:27b_w_interests,25
0.0,degree_centrality,0.2857142857142857,sequential_ollama/qwen3.5:27b_w_interests,43
0.0,degree_centrality,0.3877551020408163,sequential_ollama/qwen3.5:27b_w_interests,19
0.0,degree_centrality,0.3469387755102041,sequential_ollama/qwen3.5:27b_w_interests,21
0.0,degree_centrality,0.42857142857142855,sequential_ollama/qwen3.5:27b_w_interests,33
0.0,degree_centrality,0.4081632653061224,sequential_ollama/qwen3.5:27b_w_interests,30
0.0,degree_centrality,0.36734693877551017,sequential_ollama/qwen3.5:27b_w_interests,47
0.0,degree_centrality,0.42857142857142855,sequential_ollama/qwen3.5:27b_w_interests,35
0.0,degree_centrality,0.42857142857142855,sequential_ollama/qwen3.5:27b_w_interests,17
0.0,degree_centrality,0.2857142857142857,sequential_ollama/qwen3.5:27b_w_interests,6
0.0,degree_centrality,0.14285714285714285,sequential_ollama/qwen3.5:27b_w_interests,23
0.0,degree_centrality,0.4081632653061224,sequential_ollama/qwen3.5:27b_w_interests,36
0.0,degree_centrality,0.3469387755102041,sequential_ollama/qwen3.5:27b_w_interests,12
0.0,degree_centrality,0.4081632653061224,sequential_ollama/qwen3.5:27b_w_interests,48
0.0,degree_centrality,0.2857142857142857,sequential_ollama/qwen3.5:27b_w_interests,2
0.0,degree_centrality,0.4693877551020408,sequential_ollama/qwen3.5:27b_w_interests,18
0.0,degree_centrality,0.3877551020408163,sequential_ollama/qwen3.5:27b_w_interests,45
0.0,degree_centrality,0.08163265306122448,sequential_ollama/qwen3.5:27b_w_interests,14
0.0,degree_centrality,0.08163265306122448,sequential_ollama/qwen3.5:27b_w_interests,39
0.0,degree_centrality,0.061224489795918366,sequential_ollama/qwen3.5:27b_w_interests,3
0.0,betweenness_centrality,0.004431681026118142,sequential_ollama/qwen3.5:27b_w_interests,28
0.0,betweenness_centrality,0.027382799844119888,sequential_ollama/qwen3.5:27b_w_interests,10
0.0,betweenness_centrality,0.0030404465991694307,sequential_ollama/qwen3.5:27b_w_interests,5
0.0,betweenness_centrality,0.000923889855087334,sequential_ollama/qwen3.5:27b_w_interests,34
0.0,betweenness_centrality,0.004833684776336178,sequential_ollama/qwen3.5:27b_w_interests,13
0.0,betweenness_centrality,0.0005604431943717657,sequential_ollama/qwen3.5:27b_w_interests,4
0.0,betweenness_centrality,0.01866508549441591,sequential_ollama/qwen3.5:27b_w_interests,46
0.0,betweenness_centrality,0.0038256319825690985,sequential_ollama/qwen3.5:27b_w_interests,31
0.0,betweenness_centrality,4.724111866969009e-05,sequential_ollama/qwen3.5:27b_w_interests,29
0.0,betweenness_centrality,0.0027171280322540814,sequential_ollama/qwen3.5:27b_w_interests,22
0.0,betweenness_centrality,0.0024614129726733976,sequential_ollama/qwen3.5:27b_w_interests,32
0.0,betweenness_centrality,0.0008199593940140157,sequential_ollama/qwen3.5:27b_w_interests,42
0.0,betweenness_centrality,0.004833684776336178,sequential_ollama/qwen3.5:27b_w_interests,38
0.0,betweenness_centrality,0.0006069201184747403,sequential_ollama/qwen3.5:27b_w_interests,15
0.0,betweenness_centrality,0.0038256319825690985,sequential_ollama/qwen3.5:27b_w_interests,8
0.0,betweenness_centrality,0.004833684776336178,sequential_ollama/qwen3.5:27b_w_interests,11
0.0,betweenness_centrality,0.29364470776102847,sequential_ollama/qwen3.5:27b_w_interests,7
0.0,betweenness_centrality,0.014127500466509757,sequential_ollama/qwen3.5:27b_w_interests,37
0.0,betweenness_centrality,0.028499477057123798,sequential_ollama/qwen3.5:27b_w_interests,44
0.0,betweenness_centrality,0.048808730285564456,sequential_ollama/qwen3.5:27b_w_interests,27
0.0,betweenness_centrality,0.0030153399170249322,sequential_ollama/qwen3.5:27b_w_interests,49
0.0,betweenness_centrality,0.00031848820114126235,sequential_ollama/qwen3.5:27b_w_interests,20
0.0,betweenness_centrality,0.0013943087805692055,sequential_ollama/qwen3.5:27b_w_interests,26
0.0,betweenness_centrality,0.12575283283449776,sequential_ollama/qwen3.5:27b_w_interests,0
0.0,betweenness_centrality,0.01756496927614716,sequential_ollama/qwen3.5:27b_w_interests,41
0.0,betweenness_centrality,0.0013534215373010102,sequential_ollama/qwen3.5:27b_w_interests,16
0.0,betweenness_centrality,0.0033316645031890336,sequential_ollama/qwen3.5:27b_w_interests,24
0.0,betweenness_centrality,0.0005684199045918734,sequential_ollama/qwen3.5:27b_w_interests,1
0.0,betweenness_centrality,0.00952613178209009,sequential_ollama/qwen3.5:27b_w_interests,9
0.0,betweenness_centrality,0.00035779204683608547,sequential_ollama/qwen3.5:27b_w_interests,40
0.0,betweenness_centrality,0.007874634156396861,sequential_ollama/qwen3.5:27b_w_interests,25
0.0,betweenness_centrality,0.0007192486970582419,sequential_ollama/qwen3.5:27b_w_interests,43
0.0,betweenness_centrality,0.0017226550060242746,sequential_ollama/qwen3.5:27b_w_interests,19
0.0,betweenness_centrality,0.0009598360034093537,sequential_ollama/qwen3.5:27b_w_interests,21
0.0,betweenness_centrality,0.011419544963768577,sequential_ollama/qwen3.5:27b_w_interests,33
0.0,betweenness_centrality,0.009825619709129034,sequential_ollama/qwen3.5:27b_w_interests,30
0.0,betweenness_centrality,0.00624505679983463,sequential_ollama/qwen3.5:27b_w_interests,47
0.0,betweenness_centrality,0.056480926362941664,sequential_ollama/qwen3.5:27b_w_interests,35
0.0,betweenness_centrality,0.011419544963768577,sequential_ollama/qwen3.5:27b_w_interests,17
0.0,betweenness_centrality,0.29424117777294556,sequential_ollama/qwen3.5:27b_w_interests,6
0.0,betweenness_centrality,0.021966630333792987,sequential_ollama/qwen3.5:27b_w_interests,23
0.0,betweenness_centrality,0.009849157679095577,sequential_ollama/qwen3.5:27b_w_interests,36
0.0,betweenness_centrality,0.0013085424745648043,sequential_ollama/qwen3.5:27b_w_interests,12
0.0,betweenness_centrality,0.00952613178209009,sequential_ollama/qwen3.5:27b_w_interests,48
0.0,betweenness_centrality,0.0005752307330998017,sequential_ollama/qwen3.5:27b_w_interests,2
0.0,betweenness_centrality,0.1498631942649517,sequential_ollama/qwen3.5:27b_w_interests,18
0.0,betweenness_centrality,0.008371730627688931,sequential_ollama/qwen3.5:27b_w_interests,45
0.0,betweenness_centrality,0.050395829286003786,sequential_ollama/qwen3.5:27b_w_interests,14
0.0,betweenness_centrality,0.0025771640726997866,sequential_ollama/qwen3.5:27b_w_interests,39
0.0,betweenness_centrality,0.0,sequential_ollama/qwen3.5:27b_w_interests,3
0.0,closeness_centrality,0.44545454545454544,sequential_ollama/qwen3.5:27b_w_interests,28
0.0,closeness_centrality,0.494949494949495,sequential_ollama/qwen3.5:27b_w_interests,10
0.0,closeness_centrality,0.44545454545454544,sequential_ollama/qwen3.5:27b_w_interests,5
0.0,closeness_centrality,0.4336283185840708,sequential_ollama/qwen3.5:27b_w_interests,34
0.0,closeness_centrality,0.44954128440366975,sequential_ollama/qwen3.5:27b_w_interests,13
0.0,closeness_centrality,0.4260869565217391,sequential_ollama/qwen3.5:27b_w_interests,4
0.0,closeness_centrality,0.4803921568627451,sequential_ollama/qwen3.5:27b_w_interests,46
0.0,closeness_centrality,0.44545454545454544,sequential_ollama/qwen3.5:27b_w_interests,31
0.0,closeness_centrality,0.4083333333333333,sequential_ollama/qwen3.5:27b_w_interests,29
0.0,closeness_centrality,0.4375,sequential_ollama/qwen3.5:27b_w_interests,22
0.0,closeness_centrality,0.4375,sequential_ollama/qwen3.5:27b_w_interests,32
0.0,closeness_centrality,0.4298245614035088,sequential_ollama/qwen3.5:27b_w_interests,42
0.0,closeness_centrality,0.44954128440366975,sequential_ollama/qwen3.5:27b_w_interests,38
0.0,closeness_centrality,0.4298245614035088,sequential_ollama/qwen3.5:27b_w_interests,15
0.0,closeness_centrality,0.44545454545454544,sequential_ollama/qwen3.5:27b_w_interests,8
0.0,closeness_centrality,0.44954128440366975,sequential_ollama/qwen3.5:27b_w_interests,11
0.0,closeness_centrality,0.550561797752809,sequential_ollama/qwen3.5:27b_w_interests,7
0.0,closeness_centrality,0.4666666666666667,sequential_ollama/qwen3.5:27b_w_interests,37
0.0,closeness_centrality,0.49,sequential_ollama/qwen3.5:27b_w_interests,44
0.0,closeness_centrality,0.4537037037037037,sequential_ollama/qwen3.5:27b_w_interests,27
0.0,closeness_centrality,0.4375,sequential_ollama/qwen3.5:27b_w_interests,49
0.0,closeness_centrality,0.3712121212121212,sequential_ollama/qwen3.5:27b_w_interests,20
0.0,closeness_centrality,0.4260869565217391,sequential_ollama/qwen3.5:27b_w_interests,26
0.0,closeness_centrality,0.5268817204301075,sequential_ollama/qwen3.5:27b_w_interests,0
0.0,closeness_centrality,0.494949494949495,sequential_ollama/qwen3.5:27b_w_interests,41
0.0,closeness_centrality,0.3983739837398374,sequential_ollama/qwen3.5:27b_w_interests,16
0.0,closeness_centrality,0.4666666666666667,sequential_ollama/qwen3.5:27b_w_interests,24
0.0,closeness_centrality,0.3769230769230769,sequential_ollama/qwen3.5:27b_w_interests,1
0.0,closeness_centrality,0.48514851485148514,sequential_ollama/qwen3.5:27b_w_interests,9
0.0,closeness_centrality,0.3888888888888889,sequential_ollama/qwen3.5:27b_w_interests,40
0.0,closeness_centrality,0.4666666666666667,sequential_ollama/qwen3.5:27b_w_interests,25
0.0,closeness_centrality,0.3951612903225806,sequential_ollama/qwen3.5:27b_w_interests,43
0.0,closeness_centrality,0.4117647058823529,sequential_ollama/qwen3.5:27b_w_interests,19
0.0,closeness_centrality,0.4049586776859504,sequential_ollama/qwen3.5:27b_w_interests,21
0.0,closeness_centrality,0.49,sequential_ollama/qwen3.5:27b_w_interests,33
0.0,closeness_centrality,0.48514851485148514,sequential_ollama/qwen3.5:27b_w_interests,30
0.0,closeness_centrality,0.47572815533980584,sequential_ollama/qwen3.5:27b_w_interests,47
0.0,closeness_centrality,0.5,sequential_ollama/qwen3.5:27b_w_interests,35
0.0,closeness_centrality,0.49,sequential_ollama/qwen3.5:27b_w_interests,17
0.0,closeness_centrality,0.5697674418604651,sequential_ollama/qwen3.5:27b_w_interests,6
0.0,closeness_centrality,0.44954128440366975,sequential_ollama/qwen3.5:27b_w_interests,23
0.0,closeness_centrality,0.48514851485148514,sequential_ollama/qwen3.5:27b_w_interests,36
0.0,closeness_centrality,0.4049586776859504,sequential_ollama/qwen3.5:27b_w_interests,12
0.0,closeness_centrality,0.48514851485148514,sequential_ollama/qwen3.5:27b_w_interests,48
0.0,closeness_centrality,0.3951612903225806,sequential_ollama/qwen3.5:27b_w_interests,2
0.0,closeness_centrality,0.5268817204301075,sequential_ollama/qwen3.5:27b_w_interests,18
0.0,closeness_centrality,0.4803921568627451,sequential_ollama/qwen3.5:27b_w_interests,45
0.0,closeness_centrality,0.4666666666666667,sequential_ollama/qwen3.5:27b_w_interests,14
0.0,closeness_centrality,0.3983739837398374,sequential_ollama/qwen3.5:27b_w_interests,39
0.0,closeness_centrality,0.3602941176470588,sequential_ollama/qwen3.5:27b_w_interests,3
1.0,degree_centrality,0.42857142857142855,sequential_ollama/qwen3.5:27b_w_interests,27
1.0,degree_centrality,0.44897959183673464,sequential_ollama/qwen3.5:27b_w_interests,26
1.0,degree_centrality,0.44897959183673464,sequential_ollama/qwen3.5:27b_w_interests,5
1.0,degree_centrality,0.44897959183673464,sequential_ollama/qwen3.5:27b_w_interests,8
1.0,degree_centrality,0.5102040816326531,sequential_ollama/qwen3.5:27b_w_interests,14
1.0,degree_centrality,0.42857142857142855,sequential_ollama/qwen3.5:27b_w_interests,28
1.0,degree_centrality,0.42857142857142855,sequential_ollama/qwen3.5:27b_w_interests,10
1.0,degree_centrality,0.44897959183673464,sequential_ollama/qwen3.5:27b_w_interests,13
1.0,degree_centrality,0.44897959183673464,sequential_ollama/qwen3.5:27b_w_interests,46
1.0,degree_centrality,0.2857142857142857,sequential_ollama/qwen3.5:27b_w_interests,20
1.0,degree_centrality,0.44897959183673464,sequential_ollama/qwen3.5:27b_w_interests,4
1.0,degree_centrality,0.44897959183673464,sequential_ollama/qwen3.5:27b_w_interests,11
1.0,degree_centrality,0.42857142857142855,sequential_ollama/qwen3.5:27b_w_interests,42
1.0,degree_centrality,0.4081632653061224,sequential_ollama/qwen3.5:27b_w_interests,38
1.0,degree_centrality,0.42857142857142855,sequential_ollama/qwen3.5:27b_w_interests,7
1.0,degree_centrality,0.4081632653061224,sequential_ollama/qwen3.5:27b_w_interests,34
1.0,degree_centrality,0.3877551020408163,sequential_ollama/qwen3.5:27b_w_interests,31
1.0,degree_centrality,0.42857142857142855,sequential_ollama/qwen3.5:27b_w_interests,15
1.0,degree_centrality,0.4081632653061224,sequential_ollama/qwen3.5:27b_w_interests,37
1.0,degree_centrality,0.3877551020408163,sequential_ollama/qwen3.5:27b_w_interests,49
1.0,degree_centrality,0.42857142857142855,sequential_ollama/qwen3.5:27b_w_interests,44
1.0,degree_centrality,0.44897959183673464,sequential_ollama/qwen3.5:27b_w_interests,22
1.0,degree_centrality,0.3469387755102041,sequential_ollama/qwen3.5:27b_w_interests,35
1.0,degree_centrality,0.42857142857142855,sequential_ollama/qwen3.5:27b_w_interests,30
1.0,degree_centrality,0.4081632653061224,sequential_ollama/qwen3.5:27b_w_interests,45
1.0,degree_centrality,0.42857142857142855,sequential_ollama/qwen3.5:27b_w_interests,12
1.0,degree_centrality,0.3877551020408163,sequential_ollama/qwen3.5:27b_w_interests,19
1.0,degree_centrality,0.3877551020408163,sequential_ollama/qwen3.5:27b_w_interests,1
1.0,degree_centrality,0.3469387755102041,sequential_ollama/qwen3.5:27b_w_interests,43
1.0,degree_centrality,0.3877551020408163,sequential_ollama/qwen3.5:27b_w_interests,25
1.0,degree_centrality,0.36734693877551017,sequential_ollama/qwen3.5:27b_w_interests,2
1.0,degree_centrality,0.4081632653061224,sequential_ollama/qwen3.5:27b_w_interests,16
1.0,degree_centrality,0.2857142857142857,sequential_ollama/qwen3.5:27b_w_interests,21
1.0,degree_centrality,0.3877551020408163,sequential_ollama/qwen3.5:27b_w_interests,17
1.0,degree_centrality,0.2857142857142857,sequential_ollama/qwen3.5:27b_w_interests,36
1.0,degree_centrality,0.36734693877551017,sequential_ollama/qwen3.5:27b_w_interests,9
1.0,degree_centrality,0.4693877551020408,sequential_ollama/qwen3.5:27b_w_interests,33
1.0,degree_centrality,0.08163265306122448,sequential_ollama/qwen3.5:27b_w_interests,23
1.0,degree_centrality,0.36734693877551017,sequential_ollama/qwen3.5:27b_w_interests,48
1.0,degree_centrality,0.2040816326530612,sequential_ollama/qwen3.5:27b_w_interests,40
1.0,degree_centrality,0.4081632653061224,sequential_ollama/qwen3.5:27b_w_interests,47
1.0,degree_centrality,0.22448979591836732,sequential_ollama/qwen3.5:27b_w_interests,6
1.0,degree_centrality,0.4081632653061224,sequential_ollama/qwen3.5:27b_w_interests,24
1.0,degree_centrality,0.32653061224489793,sequential_ollama/qwen3.5:27b_w_interests,29
1.0,degree_centrality,0.32653061224489793,sequential_ollama/qwen3.5:27b_w_interests,41
1.0,degree_centrality,0.1020408163265306,sequential_ollama/qwen3.5:27b_w_interests,3
1.0,degree_centrality,0.08163265306122448,sequential_ollama/qwen3.5:27b_w_interests,39
1.0,degree_centrality,0.08163265306122448,sequential_ollama/qwen3.5:27b_w_interests,18
1.0,degree_centrality,0.061224489795918366,sequential_ollama/qwen3.5:27b_w_interests,0
1.0,degree_centrality,0.32653061224489793,sequential_ollama/qwen3.5:27b_w_interests,32
1.0,betweenness_centrality,0.505565626739096,sequential_ollama/qwen3.5:27b_w_interests,27
1.0,betweenness_centrality,0.004247430809930812,sequential_ollama/qwen3.5:27b_w_interests,26
1.0,betweenness_centrality,0.004247430809930812,sequential_ollama/qwen3.5:27b_w_interests,5
1.0,betweenness_centrality,0.004247430809930812,sequential_ollama/qwen3.5:27b_w_interests,8
1.0,betweenness_centrality,0.5637805552346368,sequential_ollama/qwen3.5:27b_w_interests,14
1.0,betweenness_centrality,0.0023454696286328955,sequential_ollama/qwen3.5:27b_w_interests,28
1.0,betweenness_centrality,0.0023454696286328955,sequential_ollama/qwen3.5:27b_w_interests,10
1.0,betweenness_centrality,0.004247430809930812,sequential_ollama/qwen3.5:27b_w_interests,13
1.0,betweenness_centrality,0.004247430809930812,sequential_ollama/qwen3.5:27b_w_interests,46
1.0,betweenness_centrality,4.724111866969009e-05,sequential_ollama/qwen3.5:27b_w_interests,20
1.0,betweenness_centrality,0.004247430809930812,sequential_ollama/qwen3.5:27b_w_interests,4
1.0,betweenness_centrality,0.004247430809930812,sequential_ollama/qwen3.5:27b_w_interests,11
1.0,betweenness_centrality,0.00371298320915668,sequential_ollama/qwen3.5:27b_w_interests,42
1.0,betweenness_centrality,0.0019019611812979155,sequential_ollama/qwen3.5:27b_w_interests,38
1.0,betweenness_centrality,0.00371298320915668,sequential_ollama/qwen3.5:27b_w_interests,7
1.0,betweenness_centrality,0.0019019611812979155,sequential_ollama/qwen3.5:27b_w_interests,34
1.0,betweenness_centrality,0.0018074789439585356,sequential_ollama/qwen3.5:27b_w_interests,31
1.0,betweenness_centrality,0.00371298320915668,sequential_ollama/qwen3.5:27b_w_interests,15
1.0,betweenness_centrality,0.00390937128819782,sequential_ollama/qwen3.5:27b_w_interests,37
1.0,betweenness_centrality,0.00036910368543021597,sequential_ollama/qwen3.5:27b_w_interests,49
1.0,betweenness_centrality,0.0023454696286328955,sequential_ollama/qwen3.5:27b_w_interests,44
1.0,betweenness_centrality,0.004247430809930812,sequential_ollama/qwen3.5:27b_w_interests,22
1.0,betweenness_centrality,0.006522908308622594,sequential_ollama/qwen3.5:27b_w_interests,35
1.0,betweenness_centrality,0.0028395121507366404,sequential_ollama/qwen3.5:27b_w_interests,30
1.0,betweenness_centrality,0.0017779367269163185,sequential_ollama/qwen3.5:27b_w_interests,45
1.0,betweenness_centrality,0.0028395121507366404,sequential_ollama/qwen3.5:27b_w_interests,12
1.0,betweenness_centrality,0.0008792818104042592,sequential_ollama/qwen3.5:27b_w_interests,19
1.0,betweenness_centrality,0.0008792818104042592,sequential_ollama/qwen3.5:27b_w_interests,1
1.0,betweenness_centrality,0.0002142722168232372,sequential_ollama/qwen3.5:27b_w_interests,43
1.0,betweenness_centrality,0.0016456615946411864,sequential_ollama/qwen3.5:27b_w_interests,25
1.0,betweenness_centrality,0.0010632626066299534,sequential_ollama/qwen3.5:27b_w_interests,2
1.0,betweenness_centrality,0.001940857234224581,sequential_ollama/qwen3.5:27b_w_interests,16
1.0,betweenness_centrality,0.0001535336356764928,sequential_ollama/qwen3.5:27b_w_interests,21
1.0,betweenness_centrality,0.0017991338782155108,sequential_ollama/qwen3.5:27b_w_interests,17
1.0,betweenness_centrality,0.0001535336356764928,sequential_ollama/qwen3.5:27b_w_interests,36
1.0,betweenness_centrality,0.000900342099321691,sequential_ollama/qwen3.5:27b_w_interests,9
1.0,betweenness_centrality,0.02898747133441011,sequential_ollama/qwen3.5:27b_w_interests,33
1.0,betweenness_centrality,0.015943877551020405,sequential_ollama/qwen3.5:27b_w_interests,23
1.0,betweenness_centrality,0.000900342099321691,sequential_ollama/qwen3.5:27b_w_interests,48
1.0,betweenness_centrality,0.00023964131106988252,sequential_ollama/qwen3.5:27b_w_interests,40
1.0,betweenness_centrality,0.002444711373282802,sequential_ollama/qwen3.5:27b_w_interests,47
1.0,betweenness_centrality,0.0003495842781557067,sequential_ollama/qwen3.5:27b_w_interests,6
1.0,betweenness_centrality,0.002444711373282802,sequential_ollama/qwen3.5:27b_w_interests,24
1.0,betweenness_centrality,0.00021022297808012094,sequential_ollama/qwen3.5:27b_w_interests,29
1.0,betweenness_centrality,4.724111866969009e-05,sequential_ollama/qwen3.5:27b_w_interests,41
1.0,betweenness_centrality,0.035572562358276646,sequential_ollama/qwen3.5:27b_w_interests,3
1.0,betweenness_centrality,0.0017715419501133783,sequential_ollama/qwen3.5:27b_w_interests,39
1.0,betweenness_centrality,0.02543934240362812,sequential_ollama/qwen3.5:27b_w_interests,18
1.0,betweenness_centrality,0.0,sequential_ollama/qwen3.5:27b_w_interests,0
1.0,betweenness_centrality,0.00015943877551020407,sequential_ollama/qwen3.5:27b_w_interests,32
1.0,closeness_centrality,0.620253164556962,sequential_ollama/qwen3.5:27b_w_interests,27
1.0,closeness_centrality,0.47115384615384615,sequential_ollama/qwen3.5:27b_w_interests,26
1.0,closeness_centrality,0.47115384615384615,sequential_ollama/qwen3.5:27b_w_interests,5
1.0,closeness_centrality,0.47115384615384615,sequential_ollama/qwen3.5:27b_w_interests,8
1.0,closeness_centrality,0.6533333333333333,sequential_ollama/qwen3.5:27b_w_interests,14
1.0,closeness_centrality,0.4666666666666667,sequential_ollama/qwen3.5:27b_w_interests,28
1.0,closeness_centrality,0.4666666666666667,sequential_ollama/qwen3.5:27b_w_interests,10
1.0,closeness_centrality,0.47115384615384615,sequential_ollama/qwen3.5:27b_w_interests,13
1.0,closeness_centrality,0.47115384615384615,sequential_ollama/qwen3.5:27b_w_interests,46
1.0,closeness_centrality,0.4375,sequential_ollama/qwen3.5:27b_w_interests,20
1.0,closeness_centrality,0.47115384615384615,sequential_ollama/qwen3.5:27b_w_interests,4
1.0,closeness_centrality,0.47115384615384615,sequential_ollama/qwen3.5:27b_w_interests,11
1.0,closeness_centrality,0.4666666666666667,sequential_ollama/qwen3.5:27b_w_interests,42
1.0,closeness_centrality,0.46226415094339623,sequential_ollama/qwen3.5:27b_w_interests,38
1.0,closeness_centrality,0.4666666666666667,sequential_ollama/qwen3.5:27b_w_interests,7
1.0,closeness_centrality,0.46226415094339623,sequential_ollama/qwen3.5:27b_w_interests,34
1.0,closeness_centrality,0.45794392523364486,sequential_ollama/qwen3.5:27b_w_interests,31
1.0,closeness_centrality,0.4666666666666667,sequential_ollama/qwen3.5:27b_w_interests,15
1.0,closeness_centrality,0.46226415094339623,sequential_ollama/qwen3.5:27b_w_interests,37
1.0,closeness_centrality,0.45794392523364486,sequential_ollama/qwen3.5:27b_w_interests,49
1.0,closeness_centrality,0.4666666666666667,sequential_ollama/qwen3.5:27b_w_interests,44
1.0,closeness_centrality,0.47115384615384615,sequential_ollama/qwen3.5:27b_w_interests,22
1.0,closeness_centrality,0.46226415094339623,sequential_ollama/qwen3.5:27b_w_interests,35
1.0,closeness_centrality,0.47572815533980584,sequential_ollama/qwen3.5:27b_w_interests,30
1.0,closeness_centrality,0.47115384615384615,sequential_ollama/qwen3.5:27b_w_interests,45
1.0,closeness_centrality,0.47572815533980584,sequential_ollama/qwen3.5:27b_w_interests,12
1.0,closeness_centrality,0.4666666666666667,sequential_ollama/qwen3.5:27b_w_interests,19
1.0,closeness_centrality,0.4666666666666667,sequential_ollama/qwen3.5:27b_w_interests,1
1.0,closeness_centrality,0.45794392523364486,sequential_ollama/qwen3.5:27b_w_interests,43
1.0,closeness_centrality,0.4666666666666667,sequential_ollama/qwen3.5:27b_w_interests,25
1.0,closeness_centrality,0.46226415094339623,sequential_ollama/qwen3.5:27b_w_interests,2
1.0,closeness_centrality,0.47115384615384615,sequential_ollama/qwen3.5:27b_w_interests,16
1.0,closeness_centrality,0.44545454545454544,sequential_ollama/qwen3.5:27b_w_interests,21
1.0,closeness_centrality,0.4666666666666667,sequential_ollama/qwen3.5:27b_w_interests,17
1.0,closeness_centrality,0.44545454545454544,sequential_ollama/qwen3.5:27b_w_interests,36
1.0,closeness_centrality,0.46226415094339623,sequential_ollama/qwen3.5:27b_w_interests,9
1.0,closeness_centrality,0.494949494949495,sequential_ollama/qwen3.5:27b_w_interests,33
1.0,closeness_centrality,0.4152542372881356,sequential_ollama/qwen3.5:27b_w_interests,23
1.0,closeness_centrality,0.46226415094339623,sequential_ollama/qwen3.5:27b_w_interests,48
1.0,closeness_centrality,0.4298245614035088,sequential_ollama/qwen3.5:27b_w_interests,40
1.0,closeness_centrality,0.47115384615384615,sequential_ollama/qwen3.5:27b_w_interests,47
1.0,closeness_centrality,0.4336283185840708,sequential_ollama/qwen3.5:27b_w_interests,6
1.0,closeness_centrality,0.47115384615384615,sequential_ollama/qwen3.5:27b_w_interests,24
1.0,closeness_centrality,0.35766423357664234,sequential_ollama/qwen3.5:27b_w_interests,29
1.0,closeness_centrality,0.4537037037037037,sequential_ollama/qwen3.5:27b_w_interests,41
1.0,closeness_centrality,0.4188034188034188,sequential_ollama/qwen3.5:27b_w_interests,3
1.0,closeness_centrality,0.30625,sequential_ollama/qwen3.5:27b_w_interests,39
1.0,closeness_centrality,0.4152542372881356,sequential_ollama/qwen3.5:27b_w_interests,18
1.0,closeness_centrality,0.30246913580246915,sequential_ollama/qwen3.5:27b_w_interests,0
1.0,closeness_centrality,0.35766423357664234,sequential_ollama/qwen3.5:27b_w_interests,32
2.0,degree_centrality,0.24489795918367346,sequential_ollama/qwen3.5:27b_w_interests,36
2.0,degree_centrality,0.36734693877551017,sequential_ollama/qwen3.5:27b_w_interests,30
2.0,degree_centrality,0.3877551020408163,sequential_ollama/qwen3.5:27b_w_interests,35
2.0,degree_centrality,0.42857142857142855,sequential_ollama/qwen3.5:27b_w_interests,12
2.0,degree_centrality,0.3877551020408163,sequential_ollama/qwen3.5:27b_w_interests,1
2.0,degree_centrality,0.2857142857142857,sequential_ollama/qwen3.5:27b_w_interests,21
2.0,degree_centrality,0.36734693877551017,sequential_ollama/qwen3.5:27b_w_interests,19
2.0,degree_centrality,0.36734693877551017,sequential_ollama/qwen3.5:27b_w_interests,25
2.0,degree_centrality,0.4081632653061224,sequential_ollama/qwen3.5:27b_w_interests,47
2.0,degree_centrality,0.4081632653061224,sequential_ollama/qwen3.5:27b_w_interests,45
2.0,degree_centrality,0.42857142857142855,sequential_ollama/qwen3.5:27b_w_interests,18
2.0,degree_centrality,0.4081632653061224,sequential_ollama/qwen3.5:27b_w_interests,24
2.0,degree_centrality,0.3877551020408163,sequential_ollama/qwen3.5:27b_w_interests,41
2.0,degree_centrality,0.16326530612244897,sequential_ollama/qwen3.5:27b_w_interests,6
2.0,degree_centrality,0.4081632653061224,sequential_ollama/qwen3.5:27b_w_interests,33
2.0,degree_centrality,0.44897959183673464,sequential_ollama/qwen3.5:27b_w_interests,38
2.0,degree_centrality,0.3469387755102041,sequential_ollama/qwen3.5:27b_w_interests,16
2.0,degree_centrality,0.3877551020408163,sequential_ollama/qwen3.5:27b_w_interests,43
2.0,degree_centrality,0.18367346938775508,sequential_ollama/qwen3.5:27b_w_interests,40
2.0,degree_centrality,0.32653061224489793,sequential_ollama/qwen3.5:27b_w_interests,9
2.0,degree_centrality,0.3469387755102041,sequential_ollama/qwen3.5:27b_w_interests,48
2.0,degree_centrality,0.36734693877551017,sequential_ollama/qwen3.5:27b_w_interests,2
2.0,degree_centrality,0.3877551020408163,sequential_ollama/qwen3.5:27b_w_interests,28
2.0,degree_centrality,0.44897959183673464,sequential_ollama/qwen3.5:27b_w_interests,5
2.0,degree_centrality,0.44897959183673464,sequential_ollama/qwen3.5:27b_w_interests,10
2.0,degree_centrality,0.42857142857142855,sequential_ollama/qwen3.5:27b_w_interests,44
2.0,degree_centrality,0.4693877551020408,sequential_ollama/qwen3.5:27b_w_interests,46
2.0,degree_centrality,0.44897959183673464,sequential_ollama/qwen3.5:27b_w_interests,15
2.0,degree_centrality,0.3877551020408163,sequential_ollama/qwen3.5:27b_w_interests,32
2.0,degree_centrality,0.44897959183673464,sequential_ollama/qwen3.5:27b_w_interests,8
2.0,degree_centrality,0.44897959183673464,sequential_ollama/qwen3.5:27b_w_interests,27
2.0,degree_centrality,0.3469387755102041,sequential_ollama/qwen3.5:27b_w_interests,37
2.0,degree_centrality,0.44897959183673464,sequential_ollama/qwen3.5:27b_w_interests,4
2.0,degree_centrality,0.44897959183673464,sequential_ollama/qwen3.5:27b_w_interests,42
2.0,degree_centrality,0.3877551020408163,sequential_ollama/qwen3.5:27b_w_interests,13
2.0,degree_centrality,0.3469387755102041,sequential_ollama/qwen3.5:27b_w_interests,29
2.0,degree_centrality,0.44897959183673464,sequential_ollama/qwen3.5:27b_w_interests,34
2.0,degree_centrality,0.4081632653061224,sequential_ollama/qwen3.5:27b_w_interests,26
2.0,degree_centrality,0.44897959183673464,sequential_ollama/qwen3.5:27b_w_interests,11
2.0,degree_centrality,0.44897959183673464,sequential_ollama/qwen3.5:27b_w_interests,7
2.0,degree_centrality,0.44897959183673464,sequential_ollama/qwen3.5:27b_w_interests,22
2.0,degree_centrality,0.32653061224489793,sequential_ollama/qwen3.5:27b_w_interests,17
2.0,degree_centrality,0.3877551020408163,sequential_ollama/qwen3.5:27b_w_interests,31
2.0,degree_centrality,0.3469387755102041,sequential_ollama/qwen3.5:27b_w_interests,49
2.0,degree_centrality,0.061224489795918366,sequential_ollama/qwen3.5:27b_w_interests,0
2.0,degree_centrality,0.061224489795918366,sequential_ollama/qwen3.5:27b_w_interests,3
2.0,degree_centrality,0.08163265306122448,sequential_ollama/qwen3.5:27b_w_interests,23
2.0,degree_centrality,0.1020408163265306,sequential_ollama/qwen3.5:27b_w_interests,39
2.0,degree_centrality,0.36734693877551017,sequential_ollama/qwen3.5:27b_w_interests,20
2.0,degree_centrality,0.14285714285714285,sequential_ollama/qwen3.5:27b_w_interests,14
2.0,betweenness_centrality,0.0017563213876728072,sequential_ollama/qwen3.5:27b_w_interests,36
2.0,betweenness_centrality,0.003352804666091538,sequential_ollama/qwen3.5:27b_w_interests,30
2.0,betweenness_centrality,0.024420841713074373,sequential_ollama/qwen3.5:27b_w_interests,35
2.0,betweenness_centrality,0.006852624923864973,sequential_ollama/qwen3.5:27b_w_interests,12
2.0,betweenness_centrality,0.003903766809190532,sequential_ollama/qwen3.5:27b_w_interests,1
2.0,betweenness_centrality,0.002889778312953041,sequential_ollama/qwen3.5:27b_w_interests,21
2.0,betweenness_centrality,0.0028220152113459427,sequential_ollama/qwen3.5:27b_w_interests,19
2.0,betweenness_centrality,0.0027966024522196754,sequential_ollama/qwen3.5:27b_w_interests,25
2.0,betweenness_centrality,0.34977045969153003,sequential_ollama/qwen3.5:27b_w_interests,47
2.0,betweenness_centrality,0.005275446433421174,sequential_ollama/qwen3.5:27b_w_interests,45
2.0,betweenness_centrality,0.10717909423635287,sequential_ollama/qwen3.5:27b_w_interests,18
2.0,betweenness_centrality,0.00577087332602038,sequential_ollama/qwen3.5:27b_w_interests,24
2.0,betweenness_centrality,0.004193694835576585,sequential_ollama/qwen3.5:27b_w_interests,41
2.0,betweenness_centrality,0.0004932846344279339,sequential_ollama/qwen3.5:27b_w_interests,6
2.0,betweenness_centrality,0.006025475882430216,sequential_ollama/qwen3.5:27b_w_interests,33
2.0,betweenness_centrality,0.34507994732331015,sequential_ollama/qwen3.5:27b_w_interests,38
2.0,betweenness_centrality,0.003027559682983408,sequential_ollama/qwen3.5:27b_w_interests,16
2.0,betweenness_centrality,0.00459002074799549,sequential_ollama/qwen3.5:27b_w_interests,43
2.0,betweenness_centrality,0.008187374526816477,sequential_ollama/qwen3.5:27b_w_interests,40
2.0,betweenness_centrality,0.0019458080851388166,sequential_ollama/qwen3.5:27b_w_interests,9
2.0,betweenness_centrality,0.003027559682983408,sequential_ollama/qwen3.5:27b_w_interests,48
2.0,betweenness_centrality,0.004151223434198177,sequential_ollama/qwen3.5:27b_w_interests,2
2.0,betweenness_centrality,0.0010248148921767682,sequential_ollama/qwen3.5:27b_w_interests,28
2.0,betweenness_centrality,0.0016887663702038769,sequential_ollama/qwen3.5:27b_w_interests,5
2.0,betweenness_centrality,0.0016887663702038769,sequential_ollama/qwen3.5:27b_w_interests,10
2.0,betweenness_centrality,0.001394546118000431,sequential_ollama/qwen3.5:27b_w_interests,44
2.0,betweenness_centrality,0.06892290531291184,sequential_ollama/qwen3.5:27b_w_interests,46
2.0,betweenness_centrality,0.0016887663702038769,sequential_ollama/qwen3.5:27b_w_interests,15
2.0,betweenness_centrality,0.0010248148921767682,sequential_ollama/qwen3.5:27b_w_interests,32
2.0,betweenness_centrality,0.0016887663702038769,sequential_ollama/qwen3.5:27b_w_interests,8
2.0,betweenness_centrality,0.06321117898945397,sequential_ollama/qwen3.5:27b_w_interests,27
2.0,betweenness_centrality,0.00021300186741363212,sequential_ollama/qwen3.5:27b_w_interests,37
2.0,betweenness_centrality,0.0016887663702038769,sequential_ollama/qwen3.5:27b_w_interests,4
2.0,betweenness_centrality,0.0016887663702038769,sequential_ollama/qwen3.5:27b_w_interests,42
2.0,betweenness_centrality,0.0002634387088168601,sequential_ollama/qwen3.5:27b_w_interests,13
2.0,betweenness_centrality,0.0009153961246697657,sequential_ollama/qwen3.5:27b_w_interests,29
2.0,betweenness_centrality,0.0016887663702038769,sequential_ollama/qwen3.5:27b_w_interests,34
2.0,betweenness_centrality,0.00041975123382686407,sequential_ollama/qwen3.5:27b_w_interests,26
2.0,betweenness_centrality,0.0016887663702038769,sequential_ollama/qwen3.5:27b_w_interests,11
2.0,betweenness_centrality,0.0016887663702038769,sequential_ollama/qwen3.5:27b_w_interests,7
2.0,betweenness_centrality,0.0016887663702038769,sequential_ollama/qwen3.5:27b_w_interests,22
2.0,betweenness_centrality,0.0014642764026383045,sequential_ollama/qwen3.5:27b_w_interests,17
2.0,betweenness_centrality,0.00037845266311652863,sequential_ollama/qwen3.5:27b_w_interests,31
2.0,betweenness_centrality,5.002000800320128e-05,sequential_ollama/qwen3.5:27b_w_interests,49
2.0,betweenness_centrality,0.00028344671201814054,sequential_ollama/qwen3.5:27b_w_interests,0
2.0,betweenness_centrality,0.00607270705117628,sequential_ollama/qwen3.5:27b_w_interests,3
2.0,betweenness_centrality,0.01652146960366356,sequential_ollama/qwen3.5:27b_w_interests,23
2.0,betweenness_centrality,0.02491149227940052,sequential_ollama/qwen3.5:27b_w_interests,39
2.0,betweenness_centrality,0.0009839331548664597,sequential_ollama/qwen3.5:27b_w_interests,20
2.0,betweenness_centrality,0.14669377214797832,sequential_ollama/qwen3.5:27b_w_interests,14
2.0,closeness_centrality,0.44545454545454544,sequential_ollama/qwen3.5:27b_w_interests,36
2.0,closeness_centrality,0.3951612903225806,sequential_ollama/qwen3.5:27b_w_interests,30
2.0,closeness_centrality,0.49,sequential_ollama/qwen3.5:27b_w_interests,35
2.0,closeness_centrality,0.48514851485148514,sequential_ollama/qwen3.5:27b_w_interests,12
2.0,closeness_centrality,0.47572815533980584,sequential_ollama/qwen3.5:27b_w_interests,1
2.0,closeness_centrality,0.4537037037037037,sequential_ollama/qwen3.5:27b_w_interests,21
2.0,closeness_centrality,0.4537037037037037,sequential_ollama/qwen3.5:27b_w_interests,19
2.0,closeness_centrality,0.47115384615384615,sequential_ollama/qwen3.5:27b_w_interests,25
2.0,closeness_centrality,0.6125,sequential_ollama/qwen3.5:27b_w_interests,47
2.0,closeness_centrality,0.4803921568627451,sequential_ollama/qwen3.5:27b_w_interests,45
2.0,closeness_centrality,0.5051546391752577,sequential_ollama/qwen3.5:27b_w_interests,18
2.0,closeness_centrality,0.46226415094339623,sequential_ollama/qwen3.5:27b_w_interests,24
2.0,closeness_centrality,0.45794392523364486,sequential_ollama/qwen3.5:27b_w_interests,41
2.0,closeness_centrality,0.4298245614035088,sequential_ollama/qwen3.5:27b_w_interests,6
2.0,closeness_centrality,0.4803921568627451,sequential_ollama/qwen3.5:27b_w_interests,33
2.0,closeness_centrality,0.5903614457831325,sequential_ollama/qwen3.5:27b_w_interests,38
2.0,closeness_centrality,0.4666666666666667,sequential_ollama/qwen3.5:27b_w_interests,16
2.0,closeness_centrality,0.47572815533980584,sequential_ollama/qwen3.5:27b_w_interests,43
2.0,closeness_centrality,0.44545454545454544,sequential_ollama/qwen3.5:27b_w_interests,40
2.0,closeness_centrality,0.44545454545454544,sequential_ollama/qwen3.5:27b_w_interests,9
2.0,closeness_centrality,0.4666666666666667,sequential_ollama/qwen3.5:27b_w_interests,48
2.0,closeness_centrality,0.47115384615384615,sequential_ollama/qwen3.5:27b_w_interests,2
2.0,closeness_centrality,0.4537037037037037,sequential_ollama/qwen3.5:27b_w_interests,28
2.0,closeness_centrality,0.4666666666666667,sequential_ollama/qwen3.5:27b_w_interests,5
2.0,closeness_centrality,0.4666666666666667,sequential_ollama/qwen3.5:27b_w_interests,10
2.0,closeness_centrality,0.46226415094339623,sequential_ollama/qwen3.5:27b_w_interests,44
2.0,closeness_centrality,0.5157894736842106,sequential_ollama/qwen3.5:27b_w_interests,46
2.0,closeness_centrality,0.4666666666666667,sequential_ollama/qwen3.5:27b_w_interests,15
2.0,closeness_centrality,0.4537037037037037,sequential_ollama/qwen3.5:27b_w_interests,32
2.0,closeness_centrality,0.4666666666666667,sequential_ollama/qwen3.5:27b_w_interests,8
2.0,closeness_centrality,0.5104166666666666,sequential_ollama/qwen3.5:27b_w_interests,27
2.0,closeness_centrality,0.3858267716535433,sequential_ollama/qwen3.5:27b_w_interests,37
2.0,closeness_centrality,0.4666666666666667,sequential_ollama/qwen3.5:27b_w_interests,4
2.0,closeness_centrality,0.4666666666666667,sequential_ollama/qwen3.5:27b_w_interests,42
2.0,closeness_centrality,0.4537037037037037,sequential_ollama/qwen3.5:27b_w_interests,13
2.0,closeness_centrality,0.44545454545454544,sequential_ollama/qwen3.5:27b_w_interests,29
2.0,closeness_centrality,0.4666666666666667,sequential_ollama/qwen3.5:27b_w_interests,34
2.0,closeness_centrality,0.45794392523364486,sequential_ollama/qwen3.5:27b_w_interests,26
2.0,closeness_centrality,0.4666666666666667,sequential_ollama/qwen3.5:27b_w_interests,11
2.0,closeness_centrality,0.4666666666666667,sequential_ollama/qwen3.5:27b_w_interests,7
2.0,closeness_centrality,0.4666666666666667,sequential_ollama/qwen3.5:27b_w_interests,22
2.0,closeness_centrality,0.3888888888888889,sequential_ollama/qwen3.5:27b_w_interests,17
2.0,closeness_centrality,0.4537037037037037,sequential_ollama/qwen3.5:27b_w_interests,31
2.0,closeness_centrality,0.44545454545454544,sequential_ollama/qwen3.5:27b_w_interests,49
2.0,closeness_centrality,0.29878048780487804,sequential_ollama/qwen3.5:27b_w_interests,0
2.0,closeness_centrality,0.34507042253521125,sequential_ollama/qwen3.5:27b_w_interests,3
2.0,closeness_centrality,0.4117647058823529,sequential_ollama/qwen3.5:27b_w_interests,23
2.0,closeness_centrality,0.4152542372881356,sequential_ollama/qwen3.5:27b_w_interests,39
2.0,closeness_centrality,0.44954128440366975,sequential_ollama/qwen3.5:27b_w_interests,20
2.0,closeness_centrality,0.5384615384615384,sequential_ollama/qwen3.5:27b_w_interests,14
